gene_id,transcript_id,shift,target_sequence,target_GC,target_Tm,target_OT_rtRNA,target_specificity,target_isospecificity,readout_names,probe_barcode,target_readout_sequence,target_readout_OT_rtRNA,readout_OT_increase,probe_cis_trans_OT,target_readout_sequence_rc,probe_names
FLNA,ENST00000369856.7,794,CTCCCTTGCGGCCCAAACTGAACCCGAAGA,60.0,60.86020999293254,0,1.0,0.14285714285714282,RS0548::RS0548,01,TATTCACCTTACAAACCCTCTCTCCCTTGCGGCCCAAACTGAACCCGAAGATTATTCACCTTACAAACCCTC,0,0.0,0,GAGGGTTTGTAAGGTGAATAATCTTCGGGTTCAGTTTGGGCCGCAAGGGAGAGAGGGTTTGTAAGGTGAATA,FLNA_ENST00000369856.7_shift:794_GC:60.0_Tm:60.8_specificity:1_isospecificity:0.14_RS0548::RS0548
FLNA,ENST00000369856.7,1841,AATGTGACGACAAGGGCGACGGCTCCTGTG,60.0,59.318474391342306,0,1.0,0.125,RS0548::RS0548,01,TATTCACCTTACAAACCCTCTAATGTGACGACAAGGGCGACGGCTCCTGTGTTATTCACCTTACAAACCCTC,0,0.0,0,GAGGGTTTGTAAGGTGAATAACACAGGAGCCGTCGCCCTTGTCGTCACATTAGAGGGTTTGTAAGGTGAATA,FLNA_ENST00000369856.7_shift:1841_GC:60.0_Tm:59.3_specificity:1_isospecificity:0.12_RS0548::RS0548
FLNA,ENST00000369856.7,2430,CGAAGCTGACATCGACTTCGACATCATCCG,53.333333333333336,53.23494630184314,0,1.0,0.14285714285714282,RS0548::RS0548,01,TATTCACCTTACAAACCCTCTCGAAGCTGACATCGACTTCGACATCATCCGTTATTCACCTTACAAACCCTC,0,0.0,0,GAGGGTTTGTAAGGTGAATAACGGATGATGTCGAAGTCGATGTCAGCTTCGAGAGGGTTTGTAAGGTGAATA,FLNA_ENST00000369856.7_shift:2430_GC:53.3_Tm:53.2_specificity:1_isospecificity:0.14_RS0548::RS0548
FLNA,ENST00000369856.7,2775,CACAGTCAAGTACACGCCTGTCCAGCAGGG,60.0,58.154477044518785,0,1.0,0.14285714285714282,RS0548::RS0548,01,TATTCACCTTACAAACCCTCTCACAGTCAAGTACACGCCTGTCCAGCAGGGTTATTCACCTTACAAACCCTC,0,0.0,0,GAGGGTTTGTAAGGTGAATAACCCTGCTGGACAGGCGTGTACTTGACTGTGAGAGGGTTTGTAAGGTGAATA,FLNA_ENST00000369856.7_shift:2775_GC:60.0_Tm:58.1_specificity:1_isospecificity:0.14_RS0548::RS0548
FLNA,ENST00000369856.7,2992,TCCAAGATTGTGGGCCCCTCGGGTGCAGCG,66.66666666666667,64.48862706361842,0,1.0,0.14285714285714282,RS0548::RS0548,01,TATTCACCTTACAAACCCTCTTCCAAGATTGTGGGCCCCTCGGGTGCAGCGTTATTCACCTTACAAACCCTC,0,0.0,0,GAGGGTTTGTAAGGTGAATAACGCTGCACCCGAGGGGCCCACAATCTTGGAAGAGGGTTTGTAAGGTGAATA,FLNA_ENST00000369856.7_shift:2992_GC:66.6_Tm:64.4_specificity:1_isospecificity:0.14_RS0548::RS0548
FLNA,ENST00000369856.7,3079,CCCCGTGAGGAAGGGCCCTATGAGGTGGAG,66.66666666666667,63.15489306527252,0,1.0,0.14285714285714282,RS0548::RS0548,01,TATTCACCTTACAAACCCTCTCCCCGTGAGGAAGGGCCCTATGAGGTGGAGTTATTCACCTTACAAACCCTC,0,0.0,0,GAGGGTTTGTAAGGTGAATAACTCCACCTCATAGGGCCCTTCCTCACGGGGAGAGGGTTTGTAAGGTGAATA,FLNA_ENST00000369856.7_shift:3079_GC:66.6_Tm:63.1_specificity:1_isospecificity:0.14_RS0548::RS0548
FLNA,ENST00000369856.7,3807,GTTCAGTGTGGACGCCCGGGCTCTGACACA,63.333333333333336,61.0454967257802,0,1.0,0.14285714285714282,RS0548::RS0548,01,TATTCACCTTACAAACCCTCTGTTCAGTGTGGACGCCCGGGCTCTGACACATTATTCACCTTACAAACCCTC,0,0.0,0,GAGGGTTTGTAAGGTGAATAATGTGTCAGAGCCCGGGCGTCCACACTGAACAGAGGGTTTGTAAGGTGAATA,FLNA_ENST00000369856.7_shift:3807_GC:63.3_Tm:61.0_specificity:1_isospecificity:0.14_RS0548::RS0548
FLNA,ENST00000369856.7,4164,CGAGGCCAAGATGTCCTGCATGGATAACAA,50.0,54.99474693799607,0,1.0,0.125,RS0548::RS0548,01,TATTCACCTTACAAACCCTCTCGAGGCCAAGATGTCCTGCATGGATAACAATTATTCACCTTACAAACCCTC,0,0.0,0,GAGGGTTTGTAAGGTGAATAATTGTTATCCATGCAGGACATCTTGGCCTCGAGAGGGTTTGTAAGGTGAATA,FLNA_ENST00000369856.7_shift:4164_GC:50.0_Tm:54.9_specificity:1_isospecificity:0.12_RS0548::RS0548
FLNA,ENST00000369856.7,4248,CAACGTCACCTATGGTGGCCATCAAGTGCC,56.666666666666664,57.72938396115592,0,1.0,0.125,RS0548::RS0548,01,TATTCACCTTACAAACCCTCTCAACGTCACCTATGGTGGCCATCAAGTGCCTTATTCACCTTACAAACCCTC,0,0.0,0,GAGGGTTTGTAAGGTGAATAAGGCACTTGATGGCCACCATAGGTGACGTTGAGAGGGTTTGTAAGGTGAATA,FLNA_ENST00000369856.7_shift:4248_GC:56.6_Tm:57.7_specificity:1_isospecificity:0.12_RS0548::RS0548
FLNA,ENST00000369856.7,4310,TGACAGATGCGTCCAAGGTCAAGTGCTCTG,53.333333333333336,55.004014081111904,0,1.0,0.125,RS0548::RS0548,01,TATTCACCTTACAAACCCTCTTGACAGATGCGTCCAAGGTCAAGTGCTCTGTTATTCACCTTACAAACCCTC,0,0.0,0,GAGGGTTTGTAAGGTGAATAACAGAGCACTTGACCTTGGACGCATCTGTCAAGAGGGTTTGTAAGGTGAATA,FLNA_ENST00000369856.7_shift:4310_GC:53.3_Tm:55.0_specificity:1_isospecificity:0.12_RS0548::RS0548
FLNA,ENST00000369856.7,4553,GAGATGAAGAGGTACCCCGGAGCCCCTTCA,60.0,60.09858823575274,0,1.0,0.11111111111111113,RS0548::RS0548,01,TATTCACCTTACAAACCCTCTGAGATGAAGAGGTACCCCGGAGCCCCTTCATTATTCACCTTACAAACCCTC,0,0.0,0,GAGGGTTTGTAAGGTGAATAATGAAGGGGCTCCGGGGTACCTCTTCATCTCAGAGGGTTTGTAAGGTGAATA,FLNA_ENST00000369856.7_shift:4553_GC:60.0_Tm:60.0_specificity:1_isospecificity:0.11_RS0548::RS0548
FLNA,ENST00000369856.7,4795,GCCTACGTGCCAGACGTGACAGGTCGCTAC,63.333333333333336,59.35870952861586,0,1.0,0.12103174603174603,RS0548::RS0548,01,TATTCACCTTACAAACCCTCTGCCTACGTGCCAGACGTGACAGGTCGCTACTTATTCACCTTACAAACCCTC,0,0.0,0,GAGGGTTTGTAAGGTGAATAAGTAGCGACCTGTCACGTCTGGCACGTAGGCAGAGGGTTTGTAAGGTGAATA,FLNA_ENST00000369856.7_shift:4795_GC:63.3_Tm:59.3_specificity:1_isospecificity:0.12_RS0548::RS0548
FLNA,ENST00000369856.7,4838,AGTACGGTGGTGACGAGATCCCCTTCTCCC,60.0,59.39968656228058,0,1.0,0.125,RS0548::RS0548,01,TATTCACCTTACAAACCCTCTAGTACGGTGGTGACGAGATCCCCTTCTCCCTTATTCACCTTACAAACCCTC,0,0.0,0,GAGGGTTTGTAAGGTGAATAAGGGAGAAGGGGATCTCGTCACCACCGTACTAGAGGGTTTGTAAGGTGAATA,FLNA_ENST00000369856.7_shift:4838_GC:60.0_Tm:59.3_specificity:1_isospecificity:0.12_RS0548::RS0548
FLNA,ENST00000369856.7,4897,GACGCCAGCAAGTGCACTGTCACAGTGTCA,56.666666666666664,56.73531089373148,0,1.0,0.16964285714285715,RS0548::RS0548,01,TATTCACCTTACAAACCCTCTGACGCCAGCAAGTGCACTGTCACAGTGTCATTATTCACCTTACAAACCCTC,0,0.0,0,GAGGGTTTGTAAGGTGAATAATGACACTGTGACAGTGCACTTGCTGGCGTCAGAGGGTTTGTAAGGTGAATA,FLNA_ENST00000369856.7_shift:4897_GC:56.6_Tm:56.7_specificity:1_isospecificity:0.16_RS0548::RS0548
FLNA,ENST00000369856.7,4940,GGCTAGGTGCTGGCATCGGCCCCACCATTC,66.66666666666667,63.75196368540122,0,1.0,0.16071428571428573,RS0548::RS0548,01,TATTCACCTTACAAACCCTCTGGCTAGGTGCTGGCATCGGCCCCACCATTCTTATTCACCTTACAAACCCTC,0,0.0,0,GAGGGTTTGTAAGGTGAATAAGAATGGTGGGGCCGATGCCAGCACCTAGCCAGAGGGTTTGTAAGGTGAATA,FLNA_ENST00000369856.7_shift:4940_GC:66.6_Tm:63.7_specificity:1_isospecificity:0.16_RS0548::RS0548
FLNA,ENST00000369856.7,5029,ACGTGCACCGTGTGCACGCCTGATGGCTCA,63.333333333333336,62.179098338504105,0,1.0,0.125,RS0548::RS0548,01,TATTCACCTTACAAACCCTCTACGTGCACCGTGTGCACGCCTGATGGCTCATTATTCACCTTACAAACCCTC,0,0.0,0,GAGGGTTTGTAAGGTGAATAATGAGCCATCAGGCGTGCACACGGTGCACGTAGAGGGTTTGTAAGGTGAATA,FLNA_ENST00000369856.7_shift:5029_GC:63.3_Tm:62.1_specificity:1_isospecificity:0.12_RS0548::RS0548
FLNA,ENST00000369856.7,5507,TCCGCTATGACAACATGCACATCCCAGGAA,50.0,56.072478381976794,0,1.0,0.1015873015873016,RS0548::RS0548,01,TATTCACCTTACAAACCCTCTTCCGCTATGACAACATGCACATCCCAGGAATTATTCACCTTACAAACCCTC,0,0.0,0,GAGGGTTTGTAAGGTGAATAATTCCTGGGATGTGCATGTTGTCATAGCGGAAGAGGGTTTGTAAGGTGAATA,FLNA_ENST00000369856.7_shift:5507_GC:50.0_Tm:56.0_specificity:1_isospecificity:0.10_RS0548::RS0548
FLNA,ENST00000369856.7,5837,GTGACGACTCCATGCGTATGTCCCACCTAA,53.333333333333336,56.135459874379876,0,1.0,0.09155844155844153,RS0548::RS0548,01,TATTCACCTTACAAACCCTCTGTGACGACTCCATGCGTATGTCCCACCTAATTATTCACCTTACAAACCCTC,0,0.0,0,GAGGGTTTGTAAGGTGAATAATTAGGTGGGACATACGCATGGAGTCGTCACAGAGGGTTTGTAAGGTGAATA,FLNA_ENST00000369856.7_shift:5837_GC:53.3_Tm:56.1_specificity:1_isospecificity:0.09_RS0548::RS0548
FLNA,ENST00000369856.7,6241,AAGGTGGACATCAACACAGAGGACCTGGAG,53.333333333333336,55.61642859594997,0,1.0,0.09285714285714285,RS0548::RS0548,01,TATTCACCTTACAAACCCTCTAAGGTGGACATCAACACAGAGGACCTGGAGTTATTCACCTTACAAACCCTC,0,0.0,0,GAGGGTTTGTAAGGTGAATAACTCCAGGTCCTCTGTGTTGATGTCCACCTTAGAGGGTTTGTAAGGTGAATA,FLNA_ENST00000369856.7_shift:6241_GC:53.3_Tm:55.6_specificity:1_isospecificity:0.09_RS0548::RS0548
FLNA,ENST00000369856.7,7130,AAGATAAGTATGCTGTGCGCTTCATCCCTC,46.666666666666664,52.67009301124705,0,1.0,0.10178571428571433,RS0548::RS0548,01,TATTCACCTTACAAACCCTCTAAGATAAGTATGCTGTGCGCTTCATCCCTCTTATTCACCTTACAAACCCTC,0,0.0,0,GAGGGTTTGTAAGGTGAATAAGAGGGATGAAGCGCACAGCATACTTATCTTAGAGGGTTTGTAAGGTGAATA,FLNA_ENST00000369856.7_shift:7130_GC:46.6_Tm:52.6_specificity:1_isospecificity:0.10_RS0548::RS0548
FLNA,ENST00000369856.7,7818,CAGCGTGTCCTACCTGCTCAAGGACAAGGG,60.0,58.374529473251414,0,1.0,0.09682539682539684,RS0548::RS0548,01,TATTCACCTTACAAACCCTCTCAGCGTGTCCTACCTGCTCAAGGACAAGGGTTATTCACCTTACAAACCCTC,0,0.0,0,GAGGGTTTGTAAGGTGAATAACCCTTGTCCTTGAGCAGGTAGGACACGCTGAGAGGGTTTGTAAGGTGAATA,FLNA_ENST00000369856.7_shift:7818_GC:60.0_Tm:58.3_specificity:1_isospecificity:0.09_RS0548::RS0548
FLNA,ENST00000369856.7,8074,CCCAGCCAGCCGCTGACCTCTCGGCTTTCA,66.66666666666667,63.20312866984057,0,1.0,0.125,RS0548::RS0548,01,TATTCACCTTACAAACCCTCTCCCAGCCAGCCGCTGACCTCTCGGCTTTCATTATTCACCTTACAAACCCTC,0,0.0,0,GAGGGTTTGTAAGGTGAATAATGAAAGCCGAGAGGTCAGCGGCTGGCTGGGAGAGGGTTTGTAAGGTGAATA,FLNA_ENST00000369856.7_shift:8074_GC:66.6_Tm:63.2_specificity:1_isospecificity:0.12_RS0548::RS0548
FLNA,ENST00000369856.7,8106,TGGGCAGAGGGAGCCATTTGGTGGCGCTGC,66.66666666666667,64.62538774348036,0,1.0,0.16666666666666666,RS0548::RS0548,01,TATTCACCTTACAAACCCTCTTGGGCAGAGGGAGCCATTTGGTGGCGCTGCTTATTCACCTTACAAACCCTC,0,0.0,0,GAGGGTTTGTAAGGTGAATAAGCAGCGCCACCAAATGGCTCCCTCTGCCCAAGAGGGTTTGTAAGGTGAATA,FLNA_ENST00000369856.7_shift:8106_GC:66.6_Tm:64.6_specificity:1_isospecificity:0.16_RS0548::RS0548
FLNA,ENST00000369856.7,8136,TTGTCTTCTTTGGTTCTGGGAGGGGTGAGG,53.333333333333336,56.8732553556851,0,1.0,0.16666666666666666,RS0548::RS0548,01,TATTCACCTTACAAACCCTCTTTGTCTTCTTTGGTTCTGGGAGGGGTGAGGTTATTCACCTTACAAACCCTC,0,0.0,0,GAGGGTTTGTAAGGTGAATAACCTCACCCCTCCCAGAACCAAAGAAGACAAAGAGGGTTTGTAAGGTGAATA,FLNA_ENST00000369856.7_shift:8136_GC:53.3_Tm:56.8_specificity:1_isospecificity:0.16_RS0548::RS0548
FLNA,ENST00000369856.7,138,CGAGCACCTGAAGTGCGTGAGCAAGCGCAT,60.0,58.76384299195905,0,1.0,0.14285714285714282,RS0468::RS0468,10,TCTATCATTACCCTCCTCCTTCGAGCACCTGAAGTGCGTGAGCAAGCGCATTTCTATCATTACCCTCCTCCT,0,0.0,0,AGGAGGAGGGTAATGATAGAAATGCGCTTGCTCACGCACTTCAGGTGCTCGAAGGAGGAGGGTAATGATAGA,FLNA_ENST00000369856.7_shift:138_GC:60.0_Tm:58.7_specificity:1_isospecificity:0.14_RS0468::RS0468
FLNA,ENST00000369856.7,1386,CACTGTCACTGTTGGCCAAGCCTGTAACCC,56.666666666666664,57.695196651360675,0,1.0,0.14285714285714282,RS0468::RS0468,10,TCTATCATTACCCTCCTCCTTCACTGTCACTGTTGGCCAAGCCTGTAACCCTTCTATCATTACCCTCCTCCT,0,0.0,0,AGGAGGAGGGTAATGATAGAAGGGTTACAGGCTTGGCCAACAGTGACAGTGAAGGAGGAGGGTAATGATAGA,FLNA_ENST00000369856.7_shift:1386_GC:56.6_Tm:57.6_specificity:1_isospecificity:0.14_RS0468::RS0468
FLNA,ENST00000369856.7,1538,GCCCCAAGGGAGAGGAGCGCGTGAAGCAGA,66.66666666666667,63.02437859420024,0,1.0,0.15646258503401358,RS0468::RS0468,10,TCTATCATTACCCTCCTCCTTGCCCCAAGGGAGAGGAGCGCGTGAAGCAGATTCTATCATTACCCTCCTCCT,0,0.0,0,AGGAGGAGGGTAATGATAGAATCTGCTTCACGCGCTCCTCTCCCTTGGGGCAAGGAGGAGGGTAATGATAGA,FLNA_ENST00000369856.7_shift:1538_GC:66.6_Tm:63.0_specificity:1_isospecificity:0.15_RS0468::RS0468
FLNA,ENST00000369856.7,1633,ACCATCACGTGGGGTGGTCAGAACATCGGG,60.0,60.22440757197086,0,1.0,0.125,RS0468::RS0468,10,TCTATCATTACCCTCCTCCTTACCATCACGTGGGGTGGTCAGAACATCGGGTTCTATCATTACCCTCCTCCT,0,0.0,0,AGGAGGAGGGTAATGATAGAACCCGATGTTCTGACCACCCCACGTGATGGTAAGGAGGAGGGTAATGATAGA,FLNA_ENST00000369856.7_shift:1633_GC:60.0_Tm:60.2_specificity:1_isospecificity:0.12_RS0468::RS0468
FLNA,ENST00000369856.7,2153,ACGGCAATGGCACTTACAGCTGCTCCTACG,56.666666666666664,58.25617010977868,0,1.0,0.14285714285714282,RS0468::RS0468,10,TCTATCATTACCCTCCTCCTTACGGCAATGGCACTTACAGCTGCTCCTACGTTCTATCATTACCCTCCTCCT,0,0.0,0,AGGAGGAGGGTAATGATAGAACGTAGGAGCAGCTGTAAGTGCCATTGCCGTAAGGAGGAGGGTAATGATAGA,FLNA_ENST00000369856.7_shift:2153_GC:56.6_Tm:58.2_specificity:1_isospecificity:0.14_RS0468::RS0468
FLNA,ENST00000369856.7,2561,TCCGAGTCAAGGTGGAGCCCTCTCATGACG,60.0,58.444698803739186,0,1.0,0.14285714285714282,RS0468::RS0468,10,TCTATCATTACCCTCCTCCTTTCCGAGTCAAGGTGGAGCCCTCTCATGACGTTCTATCATTACCCTCCTCCT,0,0.0,0,AGGAGGAGGGTAATGATAGAACGTCATGAGAGGGCTCCACCTTGACTCGGAAAGGAGGAGGGTAATGATAGA,FLNA_ENST00000369856.7_shift:2561_GC:60.0_Tm:58.4_specificity:1_isospecificity:0.14_RS0468::RS0468
FLNA,ENST00000369856.7,2626,CGCACTGGTGTCGAGCTTGGCAAGCCCACC,66.66666666666667,62.31781783731043,0,1.0,0.14285714285714282,RS0468::RS0468,10,TCTATCATTACCCTCCTCCTTCGCACTGGTGTCGAGCTTGGCAAGCCCACCTTCTATCATTACCCTCCTCCT,0,0.0,0,AGGAGGAGGGTAATGATAGAAGGTGGGCTTGCCAAGCTCGACACCAGTGCGAAGGAGGAGGGTAATGATAGA,FLNA_ENST00000369856.7_shift:2626_GC:66.6_Tm:62.3_specificity:1_isospecificity:0.14_RS0468::RS0468
FLNA,ENST00000369856.7,2715,ACTCACCAAGGGGGATGCAGTGCGAGATGT,56.666666666666664,59.03276503374701,0,1.0,0.14285714285714282,RS0468::RS0468,10,TCTATCATTACCCTCCTCCTTACTCACCAAGGGGGATGCAGTGCGAGATGTTTCTATCATTACCCTCCTCCT,0,0.0,0,AGGAGGAGGGTAATGATAGAAACATCTCGCACTGCATCCCCCTTGGTGAGTAAGGAGGAGGGTAATGATAGA,FLNA_ENST00000369856.7_shift:2715_GC:56.6_Tm:59.0_specificity:1_isospecificity:0.14_RS0468::RS0468
FLNA,ENST00000369856.7,2864,TGGCAGTATCTCCAAGCCTGGACCTCAGCA,56.666666666666664,58.98685628098946,0,1.0,0.14285714285714282,RS0468::RS0468,10,TCTATCATTACCCTCCTCCTTTGGCAGTATCTCCAAGCCTGGACCTCAGCATTCTATCATTACCCTCCTCCT,0,0.0,0,AGGAGGAGGGTAATGATAGAATGCTGAGGTCCAGGCTTGGAGATACTGCCAAAGGAGGAGGGTAATGATAGA,FLNA_ENST00000369856.7_shift:2864_GC:56.6_Tm:58.9_specificity:1_isospecificity:0.14_RS0468::RS0468
FLNA,ENST00000369856.7,2930,TTGGCAAAGACCAGGAGTTCACAGTCAAAT,43.333333333333336,52.49343398378642,0,1.0,0.14285714285714282,RS0468::RS0468,10,TCTATCATTACCCTCCTCCTTTTGGCAAAGACCAGGAGTTCACAGTCAAATTTCTATCATTACCCTCCTCCT,0,0.0,0,AGGAGGAGGGTAATGATAGAAATTTGACTGTGAACTCCTGGTCTTTGCCAAAAGGAGGAGGGTAATGATAGA,FLNA_ENST00000369856.7_shift:2930_GC:43.3_Tm:52.4_specificity:1_isospecificity:0.14_RS0468::RS0468
FLNA,ENST00000369856.7,3919,GGCATGTACAAAGTGGAGTACACGCCTTAC,50.0,54.144070073788725,0,1.0,0.14285714285714282,RS0468::RS0468,10,TCTATCATTACCCTCCTCCTTGGCATGTACAAAGTGGAGTACACGCCTTACTTCTATCATTACCCTCCTCCT,0,0.0,0,AGGAGGAGGGTAATGATAGAAGTAAGGCGTGTACTCCACTTTGTACATGCCAAGGAGGAGGGTAATGATAGA,FLNA_ENST00000369856.7_shift:3919_GC:50.0_Tm:54.1_specificity:1_isospecificity:0.14_RS0468::RS0468
FLNA,ENST00000369856.7,3958,CTGCACTCCGTGGACGTGACCTATGACGGC,63.333333333333336,59.46266478708475,0,1.0,0.1326530612244898,RS0468::RS0468,10,TCTATCATTACCCTCCTCCTTCTGCACTCCGTGGACGTGACCTATGACGGCTTCTATCATTACCCTCCTCCT,0,0.0,0,AGGAGGAGGGTAATGATAGAAGCCGTCATAGGTCACGTCCACGGAGTGCAGAAGGAGGAGGGTAATGATAGA,FLNA_ENST00000369856.7_shift:3958_GC:63.3_Tm:59.4_specificity:1_isospecificity:0.13_RS0468::RS0468
FLNA,ENST00000369856.7,4523,AAGGGCCCTACAGCATCTCAGTACTGTATG,50.0,54.582599792158874,0,1.0,0.11111111111111113,RS0468::RS0468,10,TCTATCATTACCCTCCTCCTTAAGGGCCCTACAGCATCTCAGTACTGTATGTTCTATCATTACCCTCCTCCT,0,0.0,0,AGGAGGAGGGTAATGATAGAACATACAGTACTGAGATGCTGTAGGGCCCTTAAGGAGGAGGGTAATGATAGA,FLNA_ENST00000369856.7_shift:4523_GC:50.0_Tm:54.5_specificity:1_isospecificity:0.11_RS0468::RS0468
FLNA,ENST00000369856.7,4757,CACACATCCAAGACAACCATGACGGCACGT,53.333333333333336,56.17980483168077,0,1.0,0.11111111111111113,RS0468::RS0468,10,TCTATCATTACCCTCCTCCTTCACACATCCAAGACAACCATGACGGCACGTTTCTATCATTACCCTCCTCCT,0,0.0,0,AGGAGGAGGGTAATGATAGAAACGTGCCGTCATGGTTGTCTTGGATGTGTGAAGGAGGAGGGTAATGATAGA,FLNA_ENST00000369856.7_shift:4757_GC:53.3_Tm:56.1_specificity:1_isospecificity:0.11_RS0468::RS0468
FLNA,ENST00000369856.7,5113,ACGGCCCCCCAGCCGGGCAAATACGTCATC,66.66666666666667,65.4802087190485,0,1.0,0.125,RS0468::RS0468,10,TCTATCATTACCCTCCTCCTTACGGCCCCCCAGCCGGGCAAATACGTCATCTTCTATCATTACCCTCCTCCT,0,0.0,0,AGGAGGAGGGTAATGATAGAAGATGACGTATTTGCCCGGCTGGGGGGCCGTAAGGAGGAGGGTAATGATAGA,FLNA_ENST00000369856.7_shift:5113_GC:66.6_Tm:65.4_specificity:1_isospecificity:0.12_RS0468::RS0468
FLNA,ENST00000369856.7,5408,CCTCAGGCAAGGTGGCGCAGCCCACCATCA,66.66666666666667,64.2043633194985,0,1.0,0.10000000000000002,RS0468::RS0468,10,TCTATCATTACCCTCCTCCTTCCTCAGGCAAGGTGGCGCAGCCCACCATCATTCTATCATTACCCTCCTCCT,0,0.0,0,AGGAGGAGGGTAATGATAGAATGATGGTGGGCTGCGCCACCTTGCCTGAGGAAGGAGGAGGGTAATGATAGA,FLNA_ENST00000369856.7_shift:5408_GC:66.6_Tm:64.2_specificity:1_isospecificity:0.10_RS0468::RS0468
FLNA,ENST00000369856.7,5615,TGAACAAGCCTGCCACCTTCACCGTCAACA,53.333333333333336,57.83727641256303,0,1.0,0.11111111111111113,RS0468::RS0468,10,TCTATCATTACCCTCCTCCTTTGAACAAGCCTGCCACCTTCACCGTCAACATTCTATCATTACCCTCCTCCT,0,0.0,0,AGGAGGAGGGTAATGATAGAATGTTGACGGTGAAGGTGGCAGGCTTGTTCAAAGGAGGAGGGTAATGATAGA,FLNA_ENST00000369856.7_shift:5615_GC:53.3_Tm:57.8_specificity:1_isospecificity:0.11_RS0468::RS0468
FLNA,ENST00000369856.7,6435,GGCCAACGTTGGTAGTCATTGTGACCTCAG,53.333333333333336,55.33928664657469,0,1.0,0.10000000000000002,RS0468::RS0468,10,TCTATCATTACCCTCCTCCTTGGCCAACGTTGGTAGTCATTGTGACCTCAGTTCTATCATTACCCTCCTCCT,0,0.0,0,AGGAGGAGGGTAATGATAGAACTGAGGTCACAATGACTACCAACGTTGGCCAAGGAGGAGGGTAATGATAGA,FLNA_ENST00000369856.7_shift:6435_GC:53.3_Tm:55.3_specificity:1_isospecificity:0.10_RS0468::RS0468
FLNA,ENST00000369856.7,6601,ACACACACAGTCAGCGTGAAGTACAAGGGC,53.333333333333336,55.73510416502029,0,1.0,0.11111111111111113,RS0468::RS0468,10,TCTATCATTACCCTCCTCCTTACACACACAGTCAGCGTGAAGTACAAGGGCTTCTATCATTACCCTCCTCCT,0,0.0,0,AGGAGGAGGGTAATGATAGAAGCCCTTGTACTTCACGCTGACTGTGTGTGTAAGGAGGAGGGTAATGATAGA,FLNA_ENST00000369856.7_shift:6601_GC:53.3_Tm:55.7_specificity:1_isospecificity:0.11_RS0468::RS0468
FLNA,ENST00000369856.7,6732,AGCTGGAGTGCCAGCCGAATTCAGTATCTG,53.333333333333336,55.74265481357497,0,1.0,0.11111111111111113,RS0468::RS0468,10,TCTATCATTACCCTCCTCCTTAGCTGGAGTGCCAGCCGAATTCAGTATCTGTTCTATCATTACCCTCCTCCT,0,0.0,0,AGGAGGAGGGTAATGATAGAACAGATACTGAATTCGGCTGGCACTCCAGCTAAGGAGGAGGGTAATGATAGA,FLNA_ENST00000369856.7_shift:6732_GC:53.3_Tm:55.7_specificity:1_isospecificity:0.11_RS0468::RS0468
FLNA,ENST00000369856.7,6835,GACCGCAAGGACGGCTCCTGTGGTGTGGCT,66.66666666666667,63.270131605984886,0,1.0,0.10000000000000002,RS0468::RS0468,10,TCTATCATTACCCTCCTCCTTGACCGCAAGGACGGCTCCTGTGGTGTGGCTTTCTATCATTACCCTCCTCCT,0,0.0,0,AGGAGGAGGGTAATGATAGAAAGCCACACCACAGGAGCCGTCCTTGCGGTCAAGGAGGAGGGTAATGATAGA,FLNA_ENST00000369856.7_shift:6835_GC:66.6_Tm:63.2_specificity:1_isospecificity:0.10_RS0468::RS0468
FLNA,ENST00000369856.7,7365,GGTGACCATTGACGGCCCCTCCAAGGTGAA,60.0,61.059375121355856,0,1.0,0.10000000000000002,RS0468::RS0468,10,TCTATCATTACCCTCCTCCTTGGTGACCATTGACGGCCCCTCCAAGGTGAATTCTATCATTACCCTCCTCCT,0,0.0,0,AGGAGGAGGGTAATGATAGAATTCACCTTGGAGGGGCCGTCAATGGTCACCAAGGAGGAGGGTAATGATAGA,FLNA_ENST00000369856.7_shift:7365_GC:60.0_Tm:61.0_specificity:1_isospecificity:0.10_RS0468::RS0468
FLNA,ENST00000369856.7,7755,GGTTCATGGCCCAAGGACCCCCTGCGAGGA,66.66666666666667,64.99471943343497,0,1.0,0.10000000000000002,RS0468::RS0468,10,TCTATCATTACCCTCCTCCTTGGTTCATGGCCCAAGGACCCCCTGCGAGGATTCTATCATTACCCTCCTCCT,0,0.0,0,AGGAGGAGGGTAATGATAGAATCCTCGCAGGGGGTCCTTGGGCCATGAACCAAGGAGGAGGGTAATGATAGA,FLNA_ENST00000369856.7_shift:7755_GC:66.6_Tm:64.9_specificity:1_isospecificity:0.10_RS0468::RS0468
FLNA,ENST00000369856.7,7867,AAATGGGGGGACGAGCACATCCCAGGCAGC,63.333333333333336,63.03983252635754,0,1.0,0.125,RS0468::RS0468,10,TCTATCATTACCCTCCTCCTTAAATGGGGGGACGAGCACATCCCAGGCAGCTTCTATCATTACCCTCCTCCT,0,0.0,0,AGGAGGAGGGTAATGATAGAAGCTGCCTGGGATGTGCTCGTCCCCCCATTTAAGGAGGAGGGTAATGATAGA,FLNA_ENST00000369856.7_shift:7867_GC:63.3_Tm:63.0_specificity:1_isospecificity:0.12_RS0468::RS0468
